patch,champion_name,team_position,games_played,win_rate,avg_kda,avg_cs_min,avg_damage,avg_kills,avg_deaths,avg_assists,pick_rate
16.12,Senna,BOTTOM,175,48.0,3.99,6.9,22566.0,5.2,5.7,11.4,24.4
16.12,Ezreal,BOTTOM,154,50.0,3.21,8.0,30182.0,7.1,6.1,7.7,21.4
16.12,Nautilus,UTILITY,135,50.4,3.41,1.0,9474.0,2.0,6.8,14.4,18.8
16.12,Caitlyn,BOTTOM,119,47.9,3.11,8.1,23653.0,6.4,6.7,7.1,16.6
16.12,Bard,UTILITY,115,50.4,4.79,0.9,12422.0,2.5,5.6,15.7,16.0
16.12,LeeSin,JUNGLE,108,52.8,4.73,6.5,17368.0,6.7,5.2,9.2,15.0
16.12,Jayce,TOP,97,54.6,3.1,8.1,26388.0,6.3,5.6,5.8,13.5
16.12,MonkeyKing,JUNGLE,94,57.4,5.09,7.1,19739.0,7.5,4.5,7.8,13.1
16.12,Karma,UTILITY,94,55.3,5.01,1.1,9079.0,1.8,5.1,14.8,13.1
16.12,Naafiri,JUNGLE,91,53.8,5.41,7.7,21075.0,8.4,4.4,7.0,12.7
16.12,Katarina,MIDDLE,82,56.1,3.85,7.0,24584.0,10.0,5.7,5.2,11.4
16.12,Sylas,MIDDLE,81,46.9,2.53,6.8,22677.0,6.6,6.6,5.9,11.3
16.12,Kayn,JUNGLE,79,46.8,2.86,7.0,20591.0,8.0,6.4,6.2,11.0
16.12,Camille,UTILITY,78,56.4,2.74,1.2,16990.0,5.1,7.9,11.6,10.9
16.12,Ryze,MIDDLE,76,53.9,4.04,8.6,23468.0,5.8,4.9,7.0,10.6
16.12,Kaisa,BOTTOM,74,47.3,3.1,8.2,25101.0,8.5,6.6,6.6,10.3
16.12,Jinx,BOTTOM,74,48.6,2.94,8.4,23224.0,6.4,6.2,6.8,10.3
16.12,JarvanIV,JUNGLE,73,65.8,6.16,7.2,19461.0,6.8,5.2,14.1,10.2
16.12,Zed,MIDDLE,71,63.4,3.53,7.6,26337.0,7.7,4.7,4.5,9.9
16.12,Sona,UTILITY,70,60.0,4.59,0.9,11204.0,2.5,5.4,15.6,9.7
16.12,Seraphine,UTILITY,70,58.6,4.24,1.2,10645.0,2.5,5.5,14.6,9.7
16.12,RekSai,JUNGLE,66,56.1,6.04,6.3,19877.0,8.4,5.3,9.7,9.2
16.12,Vayne,TOP,66,48.5,1.99,7.3,22553.0,6.1,5.7,4.3,9.2
16.12,Lucian,BOTTOM,66,54.5,2.71,8.0,25511.0,7.3,6.4,7.3,9.2
16.12,Leona,UTILITY,64,40.6,3.2,0.9,9042.0,1.7,7.1,14.0,8.9
16.12,Talon,JUNGLE,64,43.8,3.72,7.7,25117.0,9.5,6.3,6.0,8.9
16.12,Ahri,MIDDLE,64,53.1,4.14,7.4,23620.0,6.3,5.5,8.0,8.9
16.12,Rumble,TOP,62,38.7,2.42,7.4,25177.0,5.5,5.3,6.5,8.6
16.12,Rell,UTILITY,60,43.3,3.77,1.0,9626.0,2.0,6.7,17.8,8.4
16.12,Ekko,MIDDLE,59,57.6,3.81,7.7,26113.0,8.5,5.3,5.3,8.2
16.12,Sivir,BOTTOM,57,61.4,3.43,8.9,23194.0,5.9,5.4,8.0,7.9
16.12,Graves,JUNGLE,57,50.9,4.25,8.1,24635.0,8.4,5.6,7.2,7.9
16.12,KSante,TOP,57,49.1,2.98,7.3,17104.0,4.0,4.9,6.0,7.9
16.12,Nami,UTILITY,57,43.9,3.45,0.9,7926.0,1.6,5.7,12.8,7.9
16.12,Khazix,JUNGLE,57,45.6,3.52,7.0,24081.0,8.2,6.0,6.5,7.9
16.12,Yasuo,MIDDLE,56,48.2,3.17,8.2,20081.0,6.3,6.3,5.3,7.8
16.12,Aphelios,BOTTOM,55,52.7,2.49,8.2,26493.0,7.8,7.1,5.8,7.7
16.12,Renekton,TOP,55,49.1,3.67,8.2,21106.0,5.2,4.9,4.8,7.7
16.12,Hecarim,JUNGLE,55,45.5,4.83,8.5,23048.0,9.0,5.4,8.0,7.7
16.12,Alistar,UTILITY,55,58.2,4.1,0.9,8014.0,1.5,6.2,17.5,7.7
16.12,Riven,TOP,55,65.5,2.35,7.5,20082.0,6.6,6.1,5.2,7.7
16.12,Cassiopeia,MIDDLE,54,59.3,3.18,8.2,25249.0,6.2,5.4,7.2,7.5
16.12,Ashe,BOTTOM,53,50.9,3.23,7.6,20898.0,5.5,6.7,9.2,7.4
16.12,Pyke,UTILITY,53,47.2,2.86,1.0,12968.0,5.7,7.6,11.3,7.4
16.12,Lulu,UTILITY,52,44.2,4.24,1.0,6802.0,1.0,5.7,13.9,7.2
16.12,Rakan,UTILITY,52,46.2,4.49,1.1,7036.0,1.3,5.6,15.2,7.2
16.12,Jhin,BOTTOM,52,46.2,3.39,7.5,20520.0,6.5,5.9,8.3,7.2
16.12,Viktor,MIDDLE,51,41.2,3.34,7.8,26963.0,5.3,5.5,7.1,7.1
16.12,Viego,JUNGLE,50,48.0,3.43,7.2,20069.0,9.6,5.8,5.7,7.0
16.12,Lux,MIDDLE,50,50.0,4.42,7.5,22983.0,7.1,5.6,7.8,7.0
16.12,Vladimir,MIDDLE,49,57.1,4.48,8.2,25460.0,6.4,4.2,5.5,6.8
16.12,Ekko,JUNGLE,49,53.1,5.33,7.6,21493.0,8.4,4.2,6.9,6.8
16.12,Tristana,BOTTOM,48,62.5,3.51,8.0,21482.0,8.1,6.0,5.5,6.7
16.12,Thresh,UTILITY,48,47.9,3.75,1.0,8874.0,2.1,6.7,16.8,6.7
16.12,Yunara,BOTTOM,47,53.2,3.44,8.1,23785.0,7.4,5.7,7.3,6.5
16.12,Rengar,JUNGLE,47,66.0,5.26,8.0,24063.0,9.4,5.1,7.3,6.5
16.12,Senna,UTILITY,46,45.7,3.27,1.5,16861.0,3.4,6.8,14.0,6.4
16.12,Janna,UTILITY,46,45.7,4.36,0.9,8356.0,1.5,5.5,14.5,6.4
16.12,Gangplank,TOP,45,40.0,2.49,7.8,23528.0,4.7,5.8,6.3,6.3
16.12,Malphite,TOP,45,44.4,2.84,6.3,18720.0,4.2,5.4,7.2,6.3
16.12,Karthus,JUNGLE,45,57.8,3.4,8.5,35722.0,8.2,7.0,10.6,6.3
16.12,Ambessa,TOP,44,52.3,2.59,7.2,22989.0,5.0,6.0,6.2,6.1
16.12,Vi,JUNGLE,43,48.8,4.35,6.8,15934.0,5.8,5.1,8.4,6.0
16.12,Akali,MIDDLE,43,60.5,4.66,7.5,26638.0,9.4,5.3,5.6,6.0
16.12,Aatrox,TOP,42,50.0,3.48,7.4,21620.0,5.7,5.4,5.5,5.8
16.12,Yasuo,TOP,42,40.5,1.74,8.5,22654.0,5.6,7.3,4.1,5.8
16.12,Hwei,MIDDLE,41,41.5,4.08,7.5,23712.0,5.3,5.5,7.5,5.7
16.12,Quinn,JUNGLE,41,46.3,3.56,7.4,24174.0,8.5,6.7,7.3,5.7
16.12,Jax,TOP,41,39.0,2.51,7.3,23400.0,7.0,6.4,4.7,5.7
16.12,Sion,TOP,41,41.5,2.64,7.5,18836.0,3.5,5.2,6.5,5.7
16.12,Leblanc,MIDDLE,40,62.5,5.87,7.4,24901.0,8.2,4.1,6.4,5.6
16.12,Syndra,MIDDLE,39,43.6,2.95,8.2,26948.0,7.0,5.7,6.2,5.4
16.12,Milio,UTILITY,39,38.5,3.62,1.0,5555.0,0.8,5.5,15.8,5.4
16.12,Garen,TOP,38,42.1,2.3,8.1,19091.0,5.3,5.8,2.9,5.3
16.12,Varus,BOTTOM,38,60.5,4.49,8.4,25546.0,6.4,5.6,7.5,5.3
16.12,Soraka,UTILITY,38,57.9,4.09,1.0,5692.0,0.7,6.5,17.6,5.3
16.12,Yone,MIDDLE,38,55.3,2.48,8.3,24681.0,6.3,6.7,5.9,5.3
16.12,Aatrox,JUNGLE,37,48.6,3.99,7.2,20370.0,7.2,5.3,7.7,5.2
16.12,MasterYi,JUNGLE,37,40.5,2.58,7.4,19119.0,7.8,6.2,4.5,5.2
16.12,Sylas,JUNGLE,36,38.9,4.25,6.7,19649.0,7.9,5.6,7.7,5.0
16.12,Irelia,TOP,35,62.9,2.88,8.5,22663.0,6.7,7.8,5.2,4.9
16.12,Hwei,BOTTOM,34,38.2,3.65,6.8,21724.0,5.7,5.4,7.5,4.7
16.12,Zoe,MIDDLE,34,76.5,5.19,7.5,26135.0,7.6,4.5,8.0,4.7
16.12,TwistedFate,MIDDLE,34,70.6,4.92,7.6,20794.0,4.8,5.3,11.3,4.7
16.12,Seraphine,BOTTOM,34,47.1,3.96,7.0,20132.0,4.6,5.6,10.7,4.7
16.12,Nasus,JUNGLE,33,60.6,6.3,6.4,21779.0,7.4,4.7,8.8,4.6
16.12,Gragas,TOP,32,65.6,2.37,6.8,20638.0,4.6,5.9,6.3,4.5
16.12,Aurora,MIDDLE,32,59.4,7.18,7.8,32368.0,9.8,4.0,6.7,4.5
16.12,Akali,TOP,32,50.0,2.96,7.0,21230.0,6.8,5.8,4.1,4.5
16.12,Kassadin,MIDDLE,32,43.8,3.39,7.1,20437.0,6.4,5.4,5.1,4.5
16.12,Vayne,BOTTOM,31,58.1,2.17,7.1,23908.0,8.3,7.5,5.8,4.3
16.12,Lux,UTILITY,30,46.7,3.29,1.6,15929.0,3.5,7.2,14.9,4.2
16.12,Lux,BOTTOM,30,30.0,3.44,7.5,23948.0,6.7,5.8,8.6,4.2
16.12,Fiora,TOP,30,56.7,1.94,8.2,18991.0,4.5,6.1,3.8,4.2
16.12,Akshan,MIDDLE,30,43.3,2.63,6.6,25495.0,9.0,6.4,5.1,4.2
16.12,Xerath,MIDDLE,29,34.5,3.59,7.8,25011.0,5.2,4.7,7.1,4.0
16.12,Yone,TOP,29,51.7,1.65,8.0,18793.0,3.6,6.1,3.7,4.0
16.12,DrMundo,TOP,29,62.1,4.06,7.8,24543.0,4.4,4.0,5.4,4.0
16.12,Orianna,MIDDLE,29,62.1,3.81,8.0,24379.0,5.9,5.6,9.2,4.0
16.12,Darius,TOP,29,55.2,2.61,7.6,22369.0,8.2,6.1,5.0,4.0
16.12,Braum,UTILITY,28,75.0,5.5,0.9,7766.0,1.3,5.6,17.1,3.9
16.12,TwistedFate,UTILITY,28,60.7,2.57,1.2,10034.0,2.1,8.2,16.0,3.9
16.12,Zaahen,TOP,28,46.4,2.68,6.9,24153.0,5.7,6.7,6.1,3.9
16.12,Irelia,MIDDLE,27,29.6,2.3,8.4,22040.0,7.1,7.1,3.7,3.8
16.12,Riven,MIDDLE,27,44.4,2.12,7.8,21245.0,7.3,6.6,4.9,3.8
16.12,Vayne,JUNGLE,27,66.7,4.05,7.5,18152.0,7.0,5.3,7.3,3.8
16.12,Zilean,UTILITY,27,66.7,5.72,1.3,7718.0,1.7,4.9,17.4,3.8
16.12,Zed,JUNGLE,26,65.4,4.81,7.2,22672.0,8.3,4.9,6.1,3.6
16.12,Mel,MIDDLE,26,34.6,4.82,7.9,25336.0,9.2,5.6,4.7,3.6
16.12,Kalista,BOTTOM,26,50.0,1.98,8.1,23480.0,7.9,8.6,7.0,3.6
16.12,Brand,BOTTOM,26,46.2,2.74,7.0,25630.0,6.0,6.6,8.8,3.6
16.12,Zeri,BOTTOM,26,50.0,5.54,8.6,22530.0,8.4,5.4,5.2,3.6
16.12,XinZhao,JUNGLE,26,19.2,2.92,6.3,18221.0,5.0,6.5,7.6,3.6
16.12,Kennen,TOP,25,44.0,2.25,7.2,20688.0,5.2,5.8,5.5,3.5
16.12,Galio,MIDDLE,25,52.0,4.14,6.8,23479.0,6.1,5.6,10.7,3.5
16.12,Lissandra,MIDDLE,25,48.0,3.09,7.9,21329.0,5.6,5.8,7.7,3.5
16.12,Draven,BOTTOM,24,50.0,3.55,8.4,21061.0,6.7,4.9,5.7,3.3
16.12,Anivia,TOP,24,45.8,4.01,7.4,20020.0,4.1,4.4,6.1,3.3
16.12,Karthus,BOTTOM,24,41.7,2.3,7.9,29819.0,6.4,8.0,7.6,3.3
16.12,Yuumi,UTILITY,24,41.7,6.28,0.6,6461.0,1.3,4.3,13.6,3.3
16.12,Diana,JUNGLE,23,34.8,3.98,7.9,20747.0,8.3,4.6,5.7,3.2
16.12,Velkoz,BOTTOM,23,65.2,4.35,7.5,29538.0,8.2,6.0,9.4,3.2
16.12,Pantheon,UTILITY,23,34.8,2.15,1.2,19590.0,6.1,9.1,12.1,3.2
16.12,Anivia,UTILITY,22,63.6,3.5,1.6,16363.0,3.3,6.7,15.0,3.1
16.12,Teemo,TOP,22,68.2,3.26,7.9,26380.0,5.8,4.5,5.7,3.1
16.12,Ornn,TOP,22,45.5,3.12,6.4,16153.0,2.4,4.6,8.2,3.1
16.12,Camille,TOP,22,36.4,2.3,6.7,20704.0,4.4,5.8,5.0,3.1
16.12,Shyvana,JUNGLE,21,47.6,2.7,7.7,21161.0,6.9,6.0,6.9,2.9
16.12,Shaco,JUNGLE,21,28.6,3.09,6.9,22005.0,9.0,6.5,6.6,2.9
16.12,Mel,BOTTOM,21,38.1,2.86,8.2,22404.0,7.9,6.3,4.7,2.9
16.12,Ziggs,BOTTOM,21,42.9,4.32,8.2,30644.0,6.6,5.0,8.0,2.9
16.12,Annie,MIDDLE,21,47.6,5.03,7.4,20936.0,6.5,4.7,7.7,2.9
16.12,Poppy,UTILITY,21,52.4,3.68,1.0,13626.0,3.5,7.1,13.2,2.9
16.12,Taliyah,MIDDLE,21,38.1,2.71,7.4,24958.0,6.0,6.7,9.7,2.9
16.12,Twitch,BOTTOM,21,42.9,3.76,7.0,25929.0,10.6,7.3,6.3,2.9
16.12,MissFortune,BOTTOM,21,47.6,3.32,8.0,22370.0,6.1,6.2,6.4,2.9
16.12,Gnar,TOP,20,40.0,2.73,8.1,22281.0,5.1,5.4,5.0,2.8
16.12,Aurora,TOP,20,55.0,3.94,7.1,22645.0,5.4,4.3,5.7,2.8
16.12,Anivia,MIDDLE,20,45.0,3.85,7.6,24062.0,5.1,4.3,6.7,2.8
16.12,Ambessa,JUNGLE,19,42.1,3.66,7.3,23111.0,7.6,4.6,7.1,2.6
16.12,Yorick,TOP,19,52.6,2.35,8.0,23065.0,4.4,5.8,5.2,2.6
16.12,Fizz,MIDDLE,19,52.6,2.98,7.2,17741.0,6.4,4.7,4.8,2.6
16.12,Ryze,TOP,19,42.1,2.78,8.9,28515.0,5.2,6.2,5.2,2.6
16.12,Azir,MIDDLE,19,31.6,1.95,8.5,21821.0,5.2,6.7,4.6,2.6
16.12,Belveth,JUNGLE,19,57.9,6.79,7.4,17234.0,8.9,3.7,6.9,2.6
16.12,Nidalee,JUNGLE,19,42.1,4.17,7.0,20857.0,7.2,5.2,8.1,2.6
16.12,Quinn,MIDDLE,19,52.6,4.02,7.3,29175.0,11.4,7.7,6.6,2.6
16.12,Neeko,UTILITY,18,55.6,3.92,1.3,12604.0,2.6,5.0,10.7,2.5
16.12,Xayah,BOTTOM,18,61.1,5.2,9.0,28813.0,9.6,5.3,8.0,2.5
16.12,Gwen,TOP,18,22.2,1.51,7.9,22294.0,4.4,6.6,3.1,2.5
16.12,Gwen,JUNGLE,18,33.3,3.2,7.4,23471.0,7.0,5.2,5.2,2.5
16.12,Nasus,TOP,17,76.5,3.19,7.2,10619.0,3.6,4.5,3.5,2.4
16.12,Sylas,UTILITY,17,47.1,2.59,1.1,17576.0,5.9,7.5,10.6,2.4
16.12,Qiyana,JUNGLE,17,35.3,2.52,7.4,20014.0,6.9,5.7,5.8,2.4
16.12,Pantheon,TOP,17,29.4,1.69,6.6,21481.0,5.2,7.1,5.4,2.4
16.12,Talon,MIDDLE,16,68.8,3.15,7.5,25299.0,9.0,6.9,5.7,2.2
16.12,Varus,TOP,16,56.3,2.27,7.3,22846.0,6.4,7.5,5.8,2.2
16.12,KogMaw,BOTTOM,16,56.3,2.09,7.9,23537.0,6.1,7.0,5.6,2.2
16.12,Diana,MIDDLE,16,31.3,2.19,6.8,19667.0,6.1,6.9,4.3,2.2
16.12,Xerath,UTILITY,16,37.5,3.78,1.9,19996.0,3.3,6.9,11.3,2.2
16.12,Vladimir,TOP,16,68.8,2.71,8.1,25830.0,4.6,5.4,6.3,2.2
16.12,Xerath,BOTTOM,15,33.3,4.56,7.8,30621.0,7.9,5.0,7.5,2.1
16.12,Morgana,UTILITY,15,46.7,3.78,1.3,12198.0,2.1,6.6,16.0,2.1
16.12,Naafiri,MIDDLE,15,26.7,1.69,7.4,15944.0,4.1,5.7,3.5,2.1
16.12,Quinn,TOP,15,60.0,3.14,6.8,27926.0,9.4,7.5,8.2,2.1
16.12,Lillia,JUNGLE,15,46.7,5.67,7.1,28609.0,7.1,5.1,9.5,2.1
16.12,Nilah,BOTTOM,14,57.1,3.17,7.6,18672.0,8.1,7.2,6.3,1.9
16.12,Poppy,TOP,14,64.3,3.98,7.2,23736.0,5.1,4.1,6.1,1.9
16.12,Rammus,JUNGLE,14,50.0,7.0,7.0,10254.0,2.9,3.5,9.1,1.9
16.12,Volibear,TOP,14,71.4,1.35,7.8,25171.0,5.1,7.8,4.4,1.9
16.12,Cassiopeia,TOP,14,21.4,2.03,7.5,20116.0,5.6,6.4,3.8,1.9
16.12,Katarina,BOTTOM,14,57.1,3.18,6.7,25364.0,10.7,6.6,6.4,1.9
16.12,Nocturne,JUNGLE,14,35.7,4.17,6.7,19895.0,7.4,5.5,8.8,1.9
16.12,Shen,TOP,14,35.7,4.2,6.1,15900.0,3.8,4.1,8.1,1.9
16.12,Veigar,BOTTOM,14,50.0,3.48,8.0,23426.0,6.4,4.6,7.0,1.9
16.12,Olaf,TOP,14,21.4,1.68,7.7,20973.0,5.3,7.1,3.1,1.9
16.12,TwistedFate,TOP,14,42.9,2.18,6.5,16401.0,5.1,5.1,4.2,1.9
16.12,Mordekaiser,TOP,13,61.5,2.67,7.5,21616.0,4.8,5.8,2.8,1.8
16.12,Jayce,JUNGLE,13,53.8,3.29,7.7,20779.0,6.6,5.0,6.3,1.8
16.12,Kindred,JUNGLE,13,23.1,2.51,6.2,19736.0,5.7,6.5,5.4,1.8
16.12,Blitzcrank,UTILITY,13,46.2,3.31,0.9,7941.0,1.4,6.8,13.3,1.8
16.12,Vladimir,BOTTOM,13,92.3,6.39,8.2,22447.0,6.0,3.5,7.8,1.8
16.12,Kayle,MIDDLE,12,16.7,1.18,8.3,14420.0,3.1,6.1,2.4,1.7
16.12,Singed,TOP,12,41.7,4.05,8.5,15563.0,3.3,4.3,5.0,1.7
16.12,Zyra,UTILITY,12,58.3,2.43,1.5,20588.0,4.0,8.1,14.0,1.7
16.12,Lissandra,TOP,12,41.7,2.27,7.9,22464.0,4.4,7.3,6.3,1.7
16.12,Cassiopeia,BOTTOM,12,41.7,3.86,8.1,21279.0,7.1,5.2,6.8,1.7
16.12,Qiyana,MIDDLE,12,16.7,1.84,6.9,21455.0,6.2,6.1,3.3,1.7
16.12,Nunu,JUNGLE,11,54.5,4.17,6.0,15397.0,4.5,7.5,14.3,1.5
16.12,Jayce,MIDDLE,11,36.4,5.6,8.5,23597.0,6.8,4.7,4.5,1.5
16.12,Taliyah,JUNGLE,11,36.4,3.43,7.1,16955.0,5.3,5.5,8.5,1.5
16.12,Smolder,BOTTOM,11,63.6,3.66,7.9,29264.0,7.4,6.2,8.4,1.5
16.12,Velkoz,UTILITY,11,36.4,3.46,1.6,23111.0,5.5,7.1,13.1,1.5
16.12,AurelionSol,BOTTOM,11,36.4,2.64,7.3,21964.0,5.9,6.7,9.1,1.5
16.12,Illaoi,TOP,11,27.3,1.06,7.8,19369.0,3.3,6.7,2.2,1.5
16.12,Hwei,UTILITY,11,45.5,5.54,1.6,22430.0,5.1,7.0,14.1,1.5
16.12,Briar,JUNGLE,11,36.4,5.82,6.7,25257.0,10.3,5.4,6.9,1.5
16.12,Zed,TOP,10,50.0,1.73,6.9,22217.0,4.8,5.2,3.7,1.4
16.12,Ziggs,MIDDLE,10,10.0,4.63,7.6,31100.0,5.7,4.5,8.1,1.4
16.12,Zyra,BOTTOM,10,40.0,3.14,7.4,37082.0,7.2,6.5,9.2,1.4
16.12,Yasuo,BOTTOM,10,50.0,3.89,7.8,14501.0,5.0,5.4,6.1,1.4
16.12,Syndra,BOTTOM,10,40.0,6.36,8.6,19363.0,5.8,4.4,6.0,1.4
16.12,Urgot,TOP,10,60.0,2.09,7.4,18828.0,5.1,5.4,4.6,1.4
16.12,Mel,UTILITY,10,40.0,3.62,1.8,17116.0,6.1,7.3,7.5,1.4
16.12,Kled,TOP,10,30.0,1.68,6.5,18967.0,4.6,6.3,5.3,1.4
16.12,Tristana,MIDDLE,10,60.0,2.52,8.5,28626.0,9.7,6.6,5.2,1.4
16.12,Swain,TOP,9,66.7,10.6,7.3,27104.0,4.9,4.2,11.6,1.3
16.12,AurelionSol,MIDDLE,9,44.4,3.92,7.3,24201.0,6.2,4.9,8.1,1.3
16.12,Jax,JUNGLE,9,55.6,3.45,6.2,15819.0,6.1,6.1,7.2,1.3
16.12,Malzahar,MIDDLE,8,12.5,1.35,8.4,20072.0,2.6,6.8,5.1,1.1
16.12,Zyra,JUNGLE,8,87.5,5.14,7.7,22100.0,4.9,4.1,13.6,1.1
16.12,Kayle,TOP,8,62.5,3.39,7.9,23256.0,3.8,5.8,7.3,1.1
16.12,Zilean,TOP,8,62.5,5.07,6.5,16241.0,2.9,3.4,12.0,1.1
16.12,Corki,BOTTOM,8,75.0,3.57,8.4,37075.0,11.5,7.0,10.1,1.1
16.12,Nidalee,TOP,8,75.0,1.51,6.5,27871.0,7.4,8.6,5.9,1.1
16.12,Skarner,JUNGLE,8,37.5,7.89,6.2,20545.0,6.1,4.3,12.0,1.1
16.12,Zoe,UTILITY,8,62.5,2.41,1.5,17721.0,3.5,7.4,10.0,1.1
16.12,Malphite,MIDDLE,8,50.0,4.19,6.7,22843.0,5.3,6.4,11.1,1.1
16.12,Olaf,JUNGLE,8,50.0,4.61,7.2,20680.0,6.4,5.8,7.3,1.1
16.12,Gragas,JUNGLE,7,57.1,2.73,7.6,20512.0,5.9,5.6,7.9,1.0
16.12,Katarina,UTILITY,7,57.1,4.56,2.0,27990.0,10.7,6.6,10.3,1.0
16.12,Ahri,TOP,7,71.4,4.26,6.9,22409.0,9.6,5.3,7.6,1.0
16.12,Sett,TOP,7,28.6,1.69,6.4,29794.0,7.3,8.3,5.7,1.0
16.12,Samira,BOTTOM,7,28.6,2.03,6.5,27963.0,10.4,9.7,7.3,1.0
16.12,Chogath,TOP,7,71.4,5.6,7.8,21969.0,6.6,3.9,5.9,1.0
16.12,Hwei,TOP,7,71.4,1.98,6.8,20343.0,4.0,5.7,5.9,1.0
16.12,Ezreal,TOP,7,42.9,3.31,7.7,30106.0,7.6,5.3,6.1,1.0
16.12,Heimerdinger,TOP,7,57.1,1.37,7.7,23253.0,4.3,6.3,3.7,1.0
16.12,Vex,MIDDLE,7,71.4,3.82,6.9,22638.0,6.7,6.4,10.0,1.0
16.12,Singed,MIDDLE,7,57.1,5.34,7.8,22043.0,5.4,5.6,10.0,1.0
16.12,Elise,JUNGLE,7,71.4,6.97,7.3,17305.0,6.9,4.6,8.4,1.0
16.12,Veigar,MIDDLE,7,57.1,2.87,8.2,22727.0,5.7,6.1,7.6,1.0
16.12,Udyr,JUNGLE,7,42.9,4.3,7.3,22850.0,7.6,5.0,9.7,1.0
16.12,Viktor,BOTTOM,6,66.7,2.9,8.0,27587.0,6.8,5.2,7.2,0.8
16.12,Naafiri,BOTTOM,6,33.3,3.68,7.5,19821.0,7.0,5.3,7.5,0.8
16.12,Qiyana,TOP,6,83.3,5.88,9.0,18593.0,6.0,2.3,3.5,0.8
16.12,Warwick,JUNGLE,6,33.3,2.29,6.5,17331.0,6.8,8.3,8.3,0.8
16.12,TahmKench,UTILITY,6,33.3,3.18,1.2,12839.0,2.2,6.3,11.7,0.8
16.12,Swain,UTILITY,6,0.0,1.58,1.7,15042.0,2.5,9.7,11.2,0.8
16.12,Sion,MIDDLE,6,16.7,1.65,8.1,15925.0,1.5,3.7,4.7,0.8
16.12,Shen,UTILITY,6,50.0,3.18,1.1,10565.0,1.2,5.8,15.2,0.8
16.12,Shaco,UTILITY,6,0.0,1.28,1.4,14053.0,2.0,7.7,7.0,0.8
16.12,Brand,UTILITY,6,50.0,2.4,2.0,20239.0,3.2,7.0,10.8,0.8
16.12,Zac,MIDDLE,6,50.0,6.54,6.2,29473.0,8.0,5.0,13.5,0.8
16.12,Sylas,TOP,6,66.7,4.95,5.8,25749.0,8.7,5.2,10.3,0.8
16.12,Pantheon,JUNGLE,6,50.0,4.81,6.4,23589.0,9.2,5.5,10.0,0.8
16.12,XinZhao,TOP,6,66.7,2.44,7.4,28280.0,8.2,6.2,5.7,0.8
16.12,Zilean,MIDDLE,5,80.0,12.9,7.5,20331.0,2.6,1.6,17.4,0.7
16.12,Mordekaiser,JUNGLE,5,60.0,2.22,5.6,18248.0,8.2,6.6,5.4,0.7
16.12,Lulu,TOP,5,60.0,3.03,5.5,21793.0,5.6,4.8,7.6,0.7
16.12,Katarina,TOP,5,80.0,2.23,6.3,19405.0,8.4,7.4,3.6,0.7
16.12,Tryndamere,TOP,5,20.0,1.34,7.8,18980.0,5.0,8.6,3.8,0.7
16.12,Akshan,TOP,5,60.0,2.07,7.2,19128.0,4.6,5.6,5.0,0.7
16.12,Renata,UTILITY,5,40.0,3.63,1.0,9627.0,2.6,5.8,14.6,0.7
16.12,Gwen,MIDDLE,5,40.0,2.03,7.9,16736.0,5.4,5.0,2.6,0.7
16.12,Swain,BOTTOM,5,60.0,3.07,6.8,19862.0,6.8,5.0,8.6,0.7
16.12,Velkoz,MIDDLE,5,20.0,3.06,7.5,34192.0,9.6,6.4,9.4,0.7
16.12,Pantheon,MIDDLE,5,40.0,2.54,5.7,20833.0,6.2,7.0,7.2,0.7
16.12,Malphite,JUNGLE,5,60.0,2.26,6.7,7933.0,3.4,4.0,3.6,0.7
16.12,Tryndamere,MIDDLE,5,60.0,4.0,7.0,28010.0,7.0,6.6,9.6,0.7
16.12,Ambessa,MIDDLE,5,40.0,1.97,7.3,21839.0,7.2,6.8,4.2,0.7
16.12,Naafiri,TOP,5,40.0,1.81,7.1,16212.0,5.4,5.4,3.2,0.7
16.12,Heimerdinger,UTILITY,5,40.0,2.54,2.4,12701.0,2.0,6.2,8.4,0.7
16.12,Zaahen,JUNGLE,5,40.0,2.5,6.2,13839.0,6.0,4.6,5.4,0.7
16.12,Taric,UTILITY,5,60.0,4.38,1.4,5401.0,1.4,5.0,15.6,0.7
16.11,Riven,TOP,13,46.2,2.25,7.6,24804.0,5.8,6.3,5.2,22.4
16.11,Ezreal,BOTTOM,11,45.5,3.3,8.1,30816.0,7.9,5.1,7.2,19.0
16.11,Sona,UTILITY,11,54.5,6.0,1.0,11384.0,2.2,5.6,16.5,19.0
16.11,LeeSin,JUNGLE,10,60.0,4.32,6.7,23037.0,9.6,6.0,9.9,17.2
16.11,Senna,BOTTOM,10,50.0,3.63,7.0,19597.0,4.3,5.1,9.8,17.2
16.11,Lucian,BOTTOM,9,33.3,2.83,8.1,32226.0,7.6,6.4,6.8,15.5
16.11,Ahri,MIDDLE,9,55.6,5.69,7.3,21176.0,6.3,3.9,6.4,15.5
16.11,Rammus,JUNGLE,9,33.3,6.86,7.2,15144.0,2.6,2.6,12.1,15.5
16.11,Cassiopeia,MIDDLE,8,50.0,4.22,7.3,30046.0,9.4,5.0,8.0,13.8
16.11,Caitlyn,BOTTOM,8,75.0,3.43,8.3,16690.0,6.0,4.1,4.4,13.8
16.11,Senna,UTILITY,7,42.9,2.65,1.2,17476.0,4.6,7.7,14.1,12.1
16.11,Akali,MIDDLE,7,57.1,3.35,7.5,23028.0,7.3,6.6,5.3,12.1
16.11,Talon,JUNGLE,7,28.6,3.32,7.7,19922.0,7.9,4.9,5.0,12.1
16.11,Varus,BOTTOM,7,57.1,2.67,8.5,17532.0,6.1,6.1,5.9,12.1
16.11,Ryze,MIDDLE,7,100.0,7.6,8.9,27301.0,8.4,3.3,8.3,12.1
16.11,Alistar,UTILITY,7,71.4,4.1,0.8,7514.0,1.1,5.6,19.6,12.1
16.11,Nautilus,UTILITY,7,57.1,2.02,0.8,11025.0,2.3,8.9,14.6,12.1
16.11,Graves,JUNGLE,6,50.0,6.88,8.5,18889.0,8.3,3.5,4.7,10.3
16.11,Bard,UTILITY,6,50.0,6.29,0.8,10811.0,2.3,4.7,13.7,10.3
16.11,Lulu,UTILITY,6,16.7,2.39,1.1,5748.0,1.0,6.5,9.8,10.3
16.11,Sivir,BOTTOM,6,33.3,2.03,8.6,16587.0,3.3,6.0,5.7,10.3
16.11,TwistedFate,UTILITY,6,66.7,3.11,1.5,9044.0,1.5,7.3,13.0,10.3
16.11,Jinx,BOTTOM,6,33.3,1.73,8.6,22226.0,6.5,5.7,3.7,10.3
16.11,Vayne,TOP,6,66.7,2.46,7.7,27363.0,7.5,6.3,3.2,10.3
16.11,Jhin,BOTTOM,6,33.3,4.33,8.3,17297.0,3.8,4.5,6.5,10.3
16.11,Viego,JUNGLE,6,66.7,4.27,7.3,21115.0,10.7,6.2,5.7,10.3
16.11,Jayce,TOP,5,60.0,1.89,8.0,20924.0,5.8,6.4,3.8,8.6
16.11,Soraka,UTILITY,5,60.0,7.35,0.9,5497.0,0.4,4.4,19.0,8.6
16.11,Yasuo,MIDDLE,5,60.0,2.42,7.8,20811.0,4.6,5.4,5.2,8.6
16.11,Janna,UTILITY,5,40.0,3.09,0.8,9441.0,1.8,6.6,19.2,8.6
16.11,Seraphine,UTILITY,5,40.0,9.34,1.4,13018.0,2.6,6.4,18.2,8.6
16.11,Rumble,TOP,5,40.0,2.49,8.2,23583.0,5.0,4.2,4.8,8.6
16.11,Aurora,MIDDLE,5,60.0,3.79,8.0,31320.0,8.8,4.0,5.2,8.6
16.11,Sion,TOP,5,80.0,3.64,7.0,22896.0,5.0,4.8,10.4,8.6
16.11,Lissandra,MIDDLE,5,60.0,2.93,7.7,31214.0,7.2,7.6,12.6,8.6
16.11,Hwei,BOTTOM,5,80.0,5.67,6.7,48851.0,8.4,5.4,14.0,8.6
16.11,MonkeyKing,JUNGLE,5,40.0,3.29,6.4,14666.0,5.0,3.8,7.0,8.6
16.11,Kayn,JUNGLE,5,40.0,2.65,6.5,22171.0,7.2,6.8,6.0,8.6
